[{"model": "admin.logentry", "pk": 1, "fields": {"action_time": "2024-04-22T06:40:58.856Z", "user": 2, "content_type": 4, "object_id": "3", "object_repr": "ad1", "action_flag": 3, "change_message": ""}}, {"model": "admin.logentry", "pk": 2, "fields": {"action_time": "2024-04-22T06:49:14.231Z", "user": 2, "content_type": 7, "object_id": "1", "object_repr": "InfoTech", "action_flag": 3, "change_message": ""}}, {"model": "admin.logentry", "pk": 3, "fields": {"action_time": "2024-04-22T06:49:24.345Z", "user": 2, "content_type": 4, "object_id": "4", "object_repr": "ad1", "action_flag": 3, "change_message": ""}}, {"model": "admin.logentry", "pk": 4, "fields": {"action_time": "2024-04-22T06:51:37.910Z", "user": 2, "content_type": 4, "object_id": "5", "object_repr": "ad1", "action_flag": 3, "change_message": ""}}, {"model": "admin.logentry", "pk": 5, "fields": {"action_time": "2024-04-22T08:55:54.728Z", "user": 2, "content_type": 4, "object_id": "7", "object_repr": "Ad1", "action_flag": 3, "change_message": ""}}, {"model": "admin.logentry", "pk": 6, "fields": {"action_time": "2024-04-22T08:55:54.737Z", "user": 2, "content_type": 4, "object_id": "6", "object_repr": "ad1", "action_flag": 3, "change_message": ""}}, {"model": "admin.logentry", "pk": 7, "fields": {"action_time": "2024-04-22T09:02:55.653Z", "user": 2, "content_type": 4, "object_id": "8", "object_repr": "Ad1", "action_flag": 3, "change_message": ""}}, {"model": "admin.logentry", "pk": 8, "fields": {"action_time": "2024-04-22T09:04:47.394Z", "user": 2, "content_type": 4, "object_id": "9", "object_repr": "Ad1", "action_flag": 3, "change_message": ""}}, {"model": "admin.logentry", "pk": 9, "fields": {"action_time": "2024-04-22T09:31:47.260Z", "user": 2, "content_type": 4, "object_id": "11", "object_repr": "Em1", "action_flag": 3, "change_message": ""}}, {"model": "admin.logentry", "pk": 10, "fields": {"action_time": "2024-04-26T11:01:09.073Z", "user": 2, "content_type": 11, "object_id": "2", "object_repr": "EmployeeAnswer object (2)", "action_flag": 3, "change_message": ""}}, {"model": "admin.logentry", "pk": 11, "fields": {"action_time": "2024-04-26T11:46:26.635Z", "user": 2, "content_type": 11, "object_id": "3", "object_repr": "EmployeeAnswer object (3)", "action_flag": 3, "change_message": ""}}, {"model": "admin.logentry", "pk": 12, "fields": {"action_time": "2024-04-26T11:46:38.134Z", "user": 2, "content_type": 11, "object_id": "1", "object_repr": "EmployeeAnswer object (1)", "action_flag": 3, "change_message": ""}}, {"model": "admin.logentry", "pk": 13, "fields": {"action_time": "2024-05-04T11:18:24.840Z", "user": 2, "content_type": 9, "object_id": "21", "object_repr": "cola", "action_flag": 3, "change_message": ""}}, {"model": "admin.logentry", "pk": 14, "fields": {"action_time": "2024-05-04T11:18:31.968Z", "user": 2, "content_type": 9, "object_id": "20", "object_repr": "cola", "action_flag": 3, "change_message": ""}}, {"model": "admin.logentry", "pk": 15, "fields": {"action_time": "2024-05-04T11:18:39.418Z", "user": 2, "content_type": 9, "object_id": "19", "object_repr": "cola", "action_flag": 3, "change_message": ""}}, {"model": "admin.logentry", "pk": 16, "fields": {"action_time": "2024-05-04T11:18:46.060Z", "user": 2, "content_type": 9, "object_id": "18", "object_repr": "cola", "action_flag": 3, "change_message": ""}}, {"model": "admin.logentry", "pk": 17, "fields": {"action_time": "2024-05-04T11:18:54.124Z", "user": 2, "content_type": 9, "object_id": "17", "object_repr": "cola", "action_flag": 3, "change_message": ""}}, {"model": "admin.logentry", "pk": 18, "fields": {"action_time": "2024-05-04T11:19:03.172Z", "user": 2, "content_type": 9, "object_id": "16", "object_repr": "cola", "action_flag": 3, "change_message": ""}}, {"model": "admin.logentry", "pk": 19, "fields": {"action_time": "2024-05-04T11:19:10.505Z", "user": 2, "content_type": 9, "object_id": "15", "object_repr": "cola", "action_flag": 3, "change_message": ""}}, {"model": "admin.logentry", "pk": 20, "fields": {"action_time": "2024-05-04T11:23:50.289Z", "user": 2, "content_type": 9, "object_id": "14", "object_repr": "cola", "action_flag": 3, "change_message": ""}}, {"model": "admin.logentry", "pk": 21, "fields": {"action_time": "2024-05-05T05:40:13.092Z", "user": 2, "content_type": 4, "object_id": "15", "object_repr": "kayal", "action_flag": 3, "change_message": ""}}, {"model": "admin.logentry", "pk": 22, "fields": {"action_time": "2024-05-05T05:42:13.452Z", "user": 2, "content_type": 4, "object_id": "16", "object_repr": "kayal", "action_flag": 3, "change_message": ""}}, {"model": "admin.logentry", "pk": 23, "fields": {"action_time": "2024-05-05T05:42:51.506Z", "user": 2, "content_type": 4, "object_id": "17", "object_repr": "kayal", "action_flag": 3, "change_message": ""}}, {"model": "admin.logentry", "pk": 24, "fields": {"action_time": "2024-05-05T05:52:47.788Z", "user": 2, "content_type": 4, "object_id": "18", "object_repr": "kayal", "action_flag": 3, "change_message": ""}}, {"model": "admin.logentry", "pk": 25, "fields": {"action_time": "2024-05-05T05:56:46.415Z", "user": 2, "content_type": 4, "object_id": "19", "object_repr": "kayal", "action_flag": 3, "change_message": ""}}, {"model": "admin.logentry", "pk": 26, "fields": {"action_time": "2024-05-05T06:04:55.267Z", "user": 2, "content_type": 4, "object_id": "20", "object_repr": "kayal", "action_flag": 3, "change_message": ""}}, {"model": "admin.logentry", "pk": 27, "fields": {"action_time": "2024-05-05T06:11:59.569Z", "user": 2, "content_type": 4, "object_id": "21", "object_repr": "kayal", "action_flag": 3, "change_message": ""}}, {"model": "admin.logentry", "pk": 28, "fields": {"action_time": "2024-05-05T06:15:40.699Z", "user": 2, "content_type": 4, "object_id": "22", "object_repr": "kayal", "action_flag": 3, "change_message": ""}}, {"model": "admin.logentry", "pk": 29, "fields": {"action_time": "2024-05-05T06:16:28.594Z", "user": 2, "content_type": 4, "object_id": "23", "object_repr": "kayal", "action_flag": 3, "change_message": ""}}, {"model": "admin.logentry", "pk": 30, "fields": {"action_time": "2024-05-05T06:33:06.529Z", "user": 2, "content_type": 4, "object_id": "24", "object_repr": "kayal", "action_flag": 3, "change_message": ""}}, {"model": "admin.logentry", "pk": 31, "fields": {"action_time": "2024-05-05T06:39:08.870Z", "user": 2, "content_type": 4, "object_id": "25", "object_repr": "kayal", "action_flag": 3, "change_message": ""}}, {"model": "admin.logentry", "pk": 32, "fields": {"action_time": "2024-05-05T06:42:34.385Z", "user": 2, "content_type": 4, "object_id": "26", "object_repr": "kayal", "action_flag": 3, "change_message": ""}}, {"model": "admin.logentry", "pk": 33, "fields": {"action_time": "2024-05-05T06:52:00.064Z", "user": 2, "content_type": 4, "object_id": "27", "object_repr": "kayal", "action_flag": 3, "change_message": ""}}, {"model": "admin.logentry", "pk": 34, "fields": {"action_time": "2024-05-05T13:43:24.901Z", "user": 2, "content_type": 11, "object_id": "8", "object_repr": "EmployeeAnswer object (8)", "action_flag": 3, "change_message": ""}}, {"model": "admin.logentry", "pk": 35, "fields": {"action_time": "2024-05-05T13:46:50.422Z", "user": 2, "content_type": 11, "object_id": "9", "object_repr": "EmployeeAnswer object (9)", "action_flag": 3, "change_message": ""}}, {"model": "admin.logentry", "pk": 36, "fields": {"action_time": "2024-05-05T13:49:28.060Z", "user": 2, "content_type": 11, "object_id": "10", "object_repr": "EmployeeAnswer object (10)", "action_flag": 3, "change_message": ""}}, {"model": "admin.logentry", "pk": 37, "fields": {"action_time": "2024-05-05T13:51:56.521Z", "user": 2, "content_type": 11, "object_id": "12", "object_repr": "EmployeeAnswer object (12)", "action_flag": 3, "change_message": ""}}, {"model": "admin.logentry", "pk": 38, "fields": {"action_time": "2024-05-05T13:52:06.095Z", "user": 2, "content_type": 11, "object_id": "11", "object_repr": "EmployeeAnswer object (11)", "action_flag": 3, "change_message": ""}}, {"model": "admin.logentry", "pk": 39, "fields": {"action_time": "2024-05-09T04:39:42.575Z", "user": 2, "content_type": 11, "object_id": "4", "object_repr": "EmployeeAnswer object (4)", "action_flag": 3, "change_message": ""}}, {"model": "auth.permission", "pk": 1, "fields": {"name": "Can add log entry", "content_type": 1, "codename": "add_logentry"}}, {"model": "auth.permission", "pk": 2, "fields": {"name": "Can change log entry", "content_type": 1, "codename": "change_logentry"}}, {"model": "auth.permission", "pk": 3, "fields": {"name": "Can delete log entry", "content_type": 1, "codename": "delete_logentry"}}, {"model": "auth.permission", "pk": 4, "fields": {"name": "Can view log entry", "content_type": 1, "codename": "view_logentry"}}, {"model": "auth.permission", "pk": 5, "fields": {"name": "Can add permission", "content_type": 2, "codename": "add_permission"}}, {"model": "auth.permission", "pk": 6, "fields": {"name": "Can change permission", "content_type": 2, "codename": "change_permission"}}, {"model": "auth.permission", "pk": 7, "fields": {"name": "Can delete permission", "content_type": 2, "codename": "delete_permission"}}, {"model": "auth.permission", "pk": 8, "fields": {"name": "Can view permission", "content_type": 2, "codename": "view_permission"}}, {"model": "auth.permission", "pk": 9, "fields": {"name": "Can add group", "content_type": 3, "codename": "add_group"}}, {"model": "auth.permission", "pk": 10, "fields": {"name": "Can change group", "content_type": 3, "codename": "change_group"}}, {"model": "auth.permission", "pk": 11, "fields": {"name": "Can delete group", "content_type": 3, "codename": "delete_group"}}, {"model": "auth.permission", "pk": 12, "fields": {"name": "Can view group", "content_type": 3, "codename": "view_group"}}, {"model": "auth.permission", "pk": 13, "fields": {"name": "Can add user", "content_type": 4, "codename": "add_user"}}, {"model": "auth.permission", "pk": 14, "fields": {"name": "Can change user", "content_type": 4, "codename": "change_user"}}, {"model": "auth.permission", "pk": 15, "fields": {"name": "Can delete user", "content_type": 4, "codename": "delete_user"}}, {"model": "auth.permission", "pk": 16, "fields": {"name": "Can view user", "content_type": 4, "codename": "view_user"}}, {"model": "auth.permission", "pk": 17, "fields": {"name": "Can add content type", "content_type": 5, "codename": "add_contenttype"}}, {"model": "auth.permission", "pk": 18, "fields": {"name": "Can change content type", "content_type": 5, "codename": "change_contenttype"}}, {"model": "auth.permission", "pk": 19, "fields": {"name": "Can delete content type", "content_type": 5, "codename": "delete_contenttype"}}, {"model": "auth.permission", "pk": 20, "fields": {"name": "Can view content type", "content_type": 5, "codename": "view_contenttype"}}, {"model": "auth.permission", "pk": 21, "fields": {"name": "Can add session", "content_type": 6, "codename": "add_session"}}, {"model": "auth.permission", "pk": 22, "fields": {"name": "Can change session", "content_type": 6, "codename": "change_session"}}, {"model": "auth.permission", "pk": 23, "fields": {"name": "Can delete session", "content_type": 6, "codename": "delete_session"}}, {"model": "auth.permission", "pk": 24, "fields": {"name": "Can view session", "content_type": 6, "codename": "view_session"}}, {"model": "auth.permission", "pk": 25, "fields": {"name": "Can add company", "content_type": 7, "codename": "add_company"}}, {"model": "auth.permission", "pk": 26, "fields": {"name": "Can change company", "content_type": 7, "codename": "change_company"}}, {"model": "auth.permission", "pk": 27, "fields": {"name": "Can delete company", "content_type": 7, "codename": "delete_company"}}, {"model": "auth.permission", "pk": 28, "fields": {"name": "Can view company", "content_type": 7, "codename": "view_company"}}, {"model": "auth.permission", "pk": 29, "fields": {"name": "Can add cususer", "content_type": 8, "codename": "add_cususer"}}, {"model": "auth.permission", "pk": 30, "fields": {"name": "Can change cususer", "content_type": 8, "codename": "change_cususer"}}, {"model": "auth.permission", "pk": 31, "fields": {"name": "Can delete cususer", "content_type": 8, "codename": "delete_cususer"}}, {"model": "auth.permission", "pk": 32, "fields": {"name": "Can view cususer", "content_type": 8, "codename": "view_cususer"}}, {"model": "auth.permission", "pk": 33, "fields": {"name": "Can add project", "content_type": 9, "codename": "add_project"}}, {"model": "auth.permission", "pk": 34, "fields": {"name": "Can change project", "content_type": 9, "codename": "change_project"}}, {"model": "auth.permission", "pk": 35, "fields": {"name": "Can delete project", "content_type": 9, "codename": "delete_project"}}, {"model": "auth.permission", "pk": 36, "fields": {"name": "Can view project", "content_type": 9, "codename": "view_project"}}, {"model": "auth.permission", "pk": 37, "fields": {"name": "Can add project employee", "content_type": 10, "codename": "add_projectemployee"}}, {"model": "auth.permission", "pk": 38, "fields": {"name": "Can change project employee", "content_type": 10, "codename": "change_projectemployee"}}, {"model": "auth.permission", "pk": 39, "fields": {"name": "Can delete project employee", "content_type": 10, "codename": "delete_projectemployee"}}, {"model": "auth.permission", "pk": 40, "fields": {"name": "Can view project employee", "content_type": 10, "codename": "view_projectemployee"}}, {"model": "auth.permission", "pk": 41, "fields": {"name": "Can add employee answer", "content_type": 11, "codename": "add_employeeanswer"}}, {"model": "auth.permission", "pk": 42, "fields": {"name": "Can change employee answer", "content_type": 11, "codename": "change_employeeanswer"}}, {"model": "auth.permission", "pk": 43, "fields": {"name": "Can delete employee answer", "content_type": 11, "codename": "delete_employeeanswer"}}, {"model": "auth.permission", "pk": 44, "fields": {"name": "Can view employee answer", "content_type": 11, "codename": "view_employeeanswer"}}, {"model": "auth.user", "pk": 1, "fields": {"password": "pbkdf2_sha256$720000$X2Zm97plrMAauvQKZviUT3$/oT2tP31P4xLf0b+fWqNytE1AVsE/6M+YUo06c46zus=", "last_login": null, "is_superuser": false, "username": "leya", "first_name": "", "last_name": "", "email": "", "is_staff": false, "is_active": true, "date_joined": "2024-04-18T11:06:27.743Z", "groups": [], "user_permissions": []}}, {"model": "auth.user", "pk": 2, "fields": {"password": "pbkdf2_sha256$720000$JOEF8ilEq7A7pJrHRRht3B$8SrRUQLwEPda2JBEvjhhUq+2dcVwDSVuzr2SlOmrq64=", "last_login": "2024-05-04T11:17:54.294Z", "is_superuser": true, "username": "admin", "first_name": "", "last_name": "", "email": "admin@gmail.com", "is_staff": true, "is_active": true, "date_joined": "2024-04-18T11:28:03.256Z", "groups": [], "user_permissions": []}}, {"model": "auth.user", "pk": 10, "fields": {"password": "pbkdf2_sha256$720000$GTVxluHEL018P8XsUAn5Hf$2jiMBAL8I66tAuOlL2ToAHxmN4bQBKj026Y8Vs7jMLw=", "last_login": null, "is_superuser": false, "username": "Ad1", "first_name": "", "last_name": "", "email": "", "is_staff": false, "is_active": true, "date_joined": "2024-04-22T09:05:12.144Z", "groups": [], "user_permissions": []}}, {"model": "auth.user", "pk": 12, "fields": {"password": "pbkdf2_sha256$720000$5fodLvsjjy1lAa8mVaBOIu$IrV4Xsnol2wKAHusEJxlhDCC/1WYcMj5YtM2Ab5OKQY=", "last_login": null, "is_superuser": false, "username": "Em1", "first_name": "", "last_name": "", "email": "", "is_staff": false, "is_active": true, "date_joined": "2024-04-22T09:32:01.618Z", "groups": [], "user_permissions": []}}, {"model": "auth.user", "pk": 13, "fields": {"password": "pbkdf2_sha256$720000$33cwKPhySuPb9cEAUuBGL3$75XWicOJ2uWb8A4fvF3f0DZr78ucyTklNpS0Ko18eUo=", "last_login": null, "is_superuser": false, "username": "devi", "first_name": "", "last_name": "", "email": "", "is_staff": false, "is_active": true, "date_joined": "2024-04-22T13:16:54.526Z", "groups": [], "user_permissions": []}}, {"model": "auth.user", "pk": 14, "fields": {"password": "pbkdf2_sha256$720000$z0l8Z9DTVwaxv7eQVenxXL$mR50DZXwPY4IOKZugHBYAq2sAax6xbdr2xtWYDY9cR8=", "last_login": null, "is_superuser": false, "username": "Ad2", "first_name": "", "last_name": "", "email": "", "is_staff": false, "is_active": true, "date_joined": "2024-05-05T03:53:02.168Z", "groups": [], "user_permissions": []}}, {"model": "auth.user", "pk": 28, "fields": {"password": "pbkdf2_sha256$720000$oEa8bDpLBwnqnJ8L4A7HRd$we5Cg1fGuknEO55ppU6ud1VMkbxzW1jJ4cyttQeoqrk=", "last_login": null, "is_superuser": false, "username": "kayal", "first_name": "", "last_name": "", "email": "", "is_staff": false, "is_active": true, "date_joined": "2024-05-05T06:52:15.420Z", "groups": [], "user_permissions": []}}, {"model": "auth.user", "pk": 29, "fields": {"password": "pbkdf2_sha256$720000$gfRAU5Iszr3p0aJbg8jt8l$L9x6/qdfgX6PRXNr6e4N173Q1pOKK3PUb92fR4+kcTY=", "last_login": null, "is_superuser": false, "username": "Ad3", "first_name": "", "last_name": "", "email": "", "is_staff": false, "is_active": true, "date_joined": "2024-05-05T07:23:07.973Z", "groups": [], "user_permissions": []}}, {"model": "auth.user", "pk": 30, "fields": {"password": "pbkdf2_sha256$720000$CRty03EiocQzAnuwomTsFk$CFZQSSyTLyXFJfcYjZh2csl+uFywzL5+qEmMOKSMsvk=", "last_login": null, "is_superuser": false, "username": "Ad4", "first_name": "", "last_name": "", "email": "", "is_staff": false, "is_active": true, "date_joined": "2024-05-05T07:34:22.443Z", "groups": [], "user_permissions": []}}, {"model": "auth.user", "pk": 31, "fields": {"password": "pbkdf2_sha256$720000$ECbW5zeRNMDUyfvMxcSMtC$jo2CYdOO8itFEjg8BudlvHkckwDdoAupE2xcBJ0SbYc=", "last_login": null, "is_superuser": false, "username": "yal", "first_name": "", "last_name": "", "email": "", "is_staff": false, "is_active": true, "date_joined": "2024-05-05T07:37:49.919Z", "groups": [], "user_permissions": []}}, {"model": "contenttypes.contenttype", "pk": 1, "fields": {"app_label": "admin", "model": "logentry"}}, {"model": "contenttypes.contenttype", "pk": 2, "fields": {"app_label": "auth", "model": "permission"}}, {"model": "contenttypes.contenttype", "pk": 3, "fields": {"app_label": "auth", "model": "group"}}, {"model": "contenttypes.contenttype", "pk": 4, "fields": {"app_label": "auth", "model": "user"}}, {"model": "contenttypes.contenttype", "pk": 5, "fields": {"app_label": "contenttypes", "model": "contenttype"}}, {"model": "contenttypes.contenttype", "pk": 6, "fields": {"app_label": "sessions", "model": "session"}}, {"model": "contenttypes.contenttype", "pk": 7, "fields": {"app_label": "users", "model": "company"}}, {"model": "contenttypes.contenttype", "pk": 8, "fields": {"app_label": "users", "model": "cususer"}}, {"model": "contenttypes.contenttype", "pk": 9, "fields": {"app_label": "projects", "model": "project"}}, {"model": "contenttypes.contenttype", "pk": 10, "fields": {"app_label": "projects", "model": "projectemployee"}}, {"model": "contenttypes.contenttype", "pk": 11, "fields": {"app_label": "projects", "model": "employeeanswer"}}, {"model": "sessions.session", "pk": "7ro186f98mmpz50ucb4fhkoa6gdtuihl", "fields": {"session_data": ".eJxVjLsOAiEUBf-F2hDg8rS0328gl5esGkiW3cr474ZkC23PzJw38Xjs1R8jb35N5EoEufxuAeMztwnSA9u909jbvq2BToWedNClp_y6ne7fQcVRZx2shug4mpyEKDpCQocKC4gEVjnJlWHCAICULBftuOIoA9Mm8OK4JZ8v3jI3EQ:1ryxcJ:RdvVCTFru3cLyY_qyLYwA9_jARS1wIUqeh9IcCvtBXQ", "expire_date": "2024-05-06T17:38:11.954Z"}}, {"model": "sessions.session", "pk": "81dsxxiwc7shsxirf6jgc406elck6ssv", "fields": {"session_data": ".eJxVjLsOAiEUBf-F2hDg8rS0328gl5esGkiW3cr474ZkC23PzJw38Xjs1R8jb35N5EoEufxuAeMztwnSA9u909jbvq2BToWedNClp_y6ne7fQcVRZx2shug4mpyEKDpCQocKC4gEVjnJlWHCAICULBftuOIoA9Mm8OK4JZ8v3jI3EQ:1rxPwP:isRmPL4Kq3H22GdRuOan1UAMtuM_fB0F417lHDIOTWg", "expire_date": "2024-05-02T11:28:33.999Z"}}, {"model": "sessions.session", "pk": "nb7mt8idi3jn70y9qpsb1usk3jknq162", "fields": {"session_data": ".eJxVjLsOAiEUBf-F2hDg8rS0328gl5esGkiW3cr474ZkC23PzJw38Xjs1R8jb35N5EoEufxuAeMztwnSA9u909jbvq2BToWedNClp_y6ne7fQcVRZx2shug4mpyEKDpCQocKC4gEVjnJlWHCAICULBftuOIoA9Mm8OK4JZ8v3jI3EQ:1rywyF:EzSLqx1tBQ65v18aODlXOofLilASgYZgXYz3fIDkYbY", "expire_date": "2024-05-06T16:56:47.965Z"}}, {"model": "sessions.session", "pk": "tkklltc1yhbjrcoziy2xa306tbv89ynx", "fields": {"session_data": ".eJxVjLsOAiEUBf-F2hDg8rS0328gl5esGkiW3cr474ZkC23PzJw38Xjs1R8jb35N5EoEufxuAeMztwnSA9u909jbvq2BToWedNClp_y6ne7fQcVRZx2shug4mpyEKDpCQocKC4gEVjnJlWHCAICULBftuOIoA9Mm8OK4JZ8v3jI3EQ:1s3DOs:BlkE_8fL178iXmkkFDkSEGnadSPWV01W1m3B3GUf5mc", "expire_date": "2024-05-18T11:17:54.308Z"}}, {"model": "users.company", "pk": 2, "fields": {"name": "InfoTech"}}, {"model": "users.company", "pk": 3, "fields": {"name": "Qburst"}}, {"model": "users.company", "pk": 4, "fields": {"name": "Wipro"}}, {"model": "users.company", "pk": 5, "fields": {"name": "Tech"}}, {"model": "users.cususer", "pk": 1, "fields": {"user": 10, "name": "Ad1", "phone_number": "6879845587", "email": "ad1@gmail.com", "address": "jkvcjoigjtpo", "company": 2, "role": "admin"}}, {"model": "users.cususer", "pk": 2, "fields": {"user": 12, "name": "Em1", "phone_number": "7894651235", "email": "em1@gmail.com", "address": "sedrcftvgybhunjmk,l", "company": 2, "role": "employee"}}, {"model": "users.cususer", "pk": 3, "fields": {"user": 13, "name": "devi", "phone_number": "6779986230", "email": "devi@gmail.com", "address": "jvuygddsol", "company": 2, "role": "employee"}}, {"model": "users.cususer", "pk": 4, "fields": {"user": 28, "name": "kayal", "phone_number": "9786543678", "email": "kayal@gmail.com", "address": "lfklgfto", "company": 3, "role": "employee"}}, {"model": "users.cususer", "pk": 5, "fields": {"user": 29, "name": "Ad3", "phone_number": "3459578569", "email": "ad3@gmail.com", "address": "lfklgfto", "company": 4, "role": "admin"}}, {"model": "users.cususer", "pk": 6, "fields": {"user": 30, "name": "Ad4", "phone_number": "3459578569", "email": "ad4@gmail.com", "address": "lfklgfto", "company": 5, "role": "admin"}}, {"model": "users.cususer", "pk": 7, "fields": {"user": 31, "name": "yal", "phone_number": "9842669872", "email": "yal@gmail.com", "address": "dkjoadk", "company": 4, "role": "employee"}}, {"model": "projects.project", "pk": 1, "fields": {"name": "Pro1", "objective": "Test project", "status": "In Progress", "deadline": "2024-10-27"}}, {"model": "projects.project", "pk": 2, "fields": {"name": "pro2", "objective": "nothing", "status": "Not Started", "deadline": "2003-02-11"}}, {"model": "projects.project", "pk": 3, "fields": {"name": "pro3", "objective": "why", "status": "Not Started", "deadline": "2002-05-13"}}, {"model": "projects.project", "pk": 4, "fields": {"name": "pro4", "objective": "pro4 test", "status": "Not Started", "deadline": "2024-02-07"}}, {"model": "projects.project", "pk": 5, "fields": {"name": "pro4", "objective": "pro4 test", "status": "Not Started", "deadline": "2024-02-07"}}, {"model": "projects.project", "pk": 6, "fields": {"name": "pro4", "objective": "pro4 test", "status": "Not Started", "deadline": "2024-02-07"}}, {"model": "projects.project", "pk": 7, "fields": {"name": "pro4", "objective": "pro4 test", "status": "Not Started", "deadline": "2024-02-07"}}, {"model": "projects.project", "pk": 8, "fields": {"name": "pro4", "objective": "pro4 test", "status": "Not Started", "deadline": "2024-02-07"}}, {"model": "projects.project", "pk": 9, "fields": {"name": "pro4", "objective": "pro4 test", "status": "Not Started", "deadline": "2024-02-07"}}, {"model": "projects.project", "pk": 10, "fields": {"name": "pro5", "objective": "pro5 test", "status": "Not Started", "deadline": "2024-02-07"}}, {"model": "projects.project", "pk": 11, "fields": {"name": "pro6", "objective": "pro6test", "status": "Completed", "deadline": "2002-02-07"}}, {"model": "projects.project", "pk": 12, "fields": {"name": "project1", "objective": "nooo", "status": "Not Started", "deadline": "2024-11-11"}}, {"model": "projects.project", "pk": 13, "fields": {"name": "dashboard", "objective": "project", "status": "Not Started", "deadline": "2024-12-11"}}, {"model": "projects.project", "pk": 22, "fields": {"name": "cola", "objective": "collab", "status": "Not Started", "deadline": "2024-12-12"}}, {"model": "projects.project", "pk": 23, "fields": {"name": "python", "objective": "python", "status": "Not Started", "deadline": "2024-12-13"}}, {"model": "projects.projectemployee", "pk": 1, "fields": {"project": 1, "employee": 2}}, {"model": "projects.projectemployee", "pk": 2, "fields": {"project": 9, "employee": 2}}, {"model": "projects.projectemployee", "pk": 3, "fields": {"project": 10, "employee": 2}}, {"model": "projects.projectemployee", "pk": 4, "fields": {"project": 11, "employee": 2}}, {"model": "projects.projectemployee", "pk": 5, "fields": {"project": 3, "employee": 3}}, {"model": "projects.projectemployee", "pk": 6, "fields": {"project": 12, "employee": 3}}, {"model": "projects.projectemployee", "pk": 7, "fields": {"project": 10, "employee": 3}}, {"model": "projects.projectemployee", "pk": 8, "fields": {"project": 13, "employee": 2}}, {"model": "projects.projectemployee", "pk": 10, "fields": {"project": 22, "employee": 2}}, {"model": "projects.projectemployee", "pk": 11, "fields": {"project": 23, "employee": 2}}, {"model": "projects.projectemployee", "pk": 12, "fields": {"project": 10, "employee": 4}}, {"model": "projects.projectemployee", "pk": 13, "fields": {"project": 9, "employee": 4}}, {"model": "projects.projectemployee", "pk": 14, "fields": {"project": 13, "employee": 4}}, {"model": "projects.projectemployee", "pk": 15, "fields": {"project": 10, "employee": 7}}, {"model": "projects.employeeanswer", "pk": 5, "fields": {"project": 9, "employee": 2, "mark": 3, "question1": true, "question2": true, "question3": false, "question4": false, "question5": true}}, {"model": "projects.employeeanswer", "pk": 6, "fields": {"project": 10, "employee": 3, "mark": 4, "question1": true, "question2": true, "question3": false, "question4": true, "question5": true}}, {"model": "projects.employeeanswer", "pk": 7, "fields": {"project": 10, "employee": 2, "mark": 5, "question1": true, "question2": true, "question3": true, "question4": true, "question5": true}}, {"model": "projects.employeeanswer", "pk": 13, "fields": {"project": 13, "employee": 2, "mark": 5, "question1": true, "question2": true, "question3": true, "question4": true, "question5": true}}, {"model": "projects.employeeanswer", "pk": 14, "fields": {"project": 13, "employee": 2, "mark": 5, "question1": true, "question2": true, "question3": true, "question4": true, "question5": true}}, {"model": "projects.employeeanswer", "pk": 15, "fields": {"project": 10, "employee": 4, "mark": 3, "question1": true, "question2": false, "question3": false, "question4": true, "question5": true}}, {"model": "projects.employeeanswer", "pk": 16, "fields": {"project": 10, "employee": 7, "mark": 2, "question1": true, "question2": true, "question3": false, "question4": false, "question5": false}}, {"model": "projects.employeeanswer", "pk": 17, "fields": {"project": 1, "employee": 2, "mark": 4, "question1": true, "question2": true, "question3": true, "question4": true, "question5": false}}, {"model": "projects.employeeanswer", "pk": 18, "fields": {"project": 1, "employee": 2, "mark": 4, "question1": true, "question2": true, "question3": true, "question4": true, "question5": false}}]
